{
  "accuracy": 0.9988331388564761,
  "precision": 1.0,
  "recall": 0.9941860465116279,
  "confusion_matrix": [
    [
      685,
      0
    ],
    [
      1,
      171
    ]
  ],
  "classification_report": "              precision    recall  f1-score   support\n\n           0       1.00      1.00      1.00       685\n           1       1.00      0.99      1.00       172\n\n    accuracy                           1.00       857\n   macro avg       1.00      1.00      1.00       857\nweighted avg       1.00      1.00      1.00       857\n",
  "roc_auc": 0.996698353420472,
  "n_patients_total": 5758,
  "n_trainable": 4284,
  "n_train": 3427,
  "n_test": 857
}