{
  "accuracy": 0.9385365853658536,
  "precision": 1.0,
  "recall": 0.6701570680628273,
  "confusion_matrix": [
    [
      834,
      0
    ],
    [
      63,
      128
    ]
  ],
  "classification_report": "              precision    recall  f1-score   support\n\n           0       0.93      1.00      0.96       834\n           1       1.00      0.67      0.80       191\n\n    accuracy                           0.94      1025\n   macro avg       0.96      0.84      0.88      1025\nweighted avg       0.94      0.94      0.93      1025\n",
  "roc_auc": 0.8597342021670621,
  "y_prob_available": true,
  "y_test_unique_values": [
    0,
    1
  ],
  "n_total": 5754,
  "n_train": 5123,
  "n_used_for_training": 4098
}