{
  "accuracy": 0.9314830875975716,
  "precision": 0.9930555555555556,
  "recall": 0.6470588235294118,
  "confusion_matrix": [
    [
      931,
      1
    ],
    [
      78,
      143
    ]
  ],
  "classification_report": "              precision    recall  f1-score   support\n\n           0       0.92      1.00      0.96       932\n           1       0.99      0.65      0.78       221\n\n    accuracy                           0.93      1153\n   macro avg       0.96      0.82      0.87      1153\nweighted avg       0.94      0.93      0.93      1153\n",
  "roc_auc": 0.8426315227312451,
  "y_prob_available": true,
  "y_test_unique_values": [
    0,
    1
  ],
  "n_total": 5761,
  "n_used_for_training": 4608
}