{
  "accuracy": 0.6736111111111112,
  "precision": 0.6794871794871795,
  "recall": 0.5135658914728682,
  "confusion_matrix": [
    [
      511,
      125
    ],
    [
      251,
      265
    ]
  ],
  "classification_report": "              precision    recall  f1-score   support\n\n           0       0.67      0.80      0.73       636\n           1       0.68      0.51      0.58       516\n\n    accuracy                           0.67      1152\n   macro avg       0.68      0.66      0.66      1152\nweighted avg       0.67      0.67      0.67      1152\n",
  "roc_auc": 0.6867580200867828,
  "y_prob_available": true,
  "y_test_unique_values": [
    0,
    1
  ],
  "n_total": 5756,
  "n_used_for_training": 4604
}