{
  "accuracy": 0.6579861111111112,
  "precision": 0.6525,
  "recall": 0.5058139534883721,
  "confusion_matrix": [
    [
      497,
      139
    ],
    [
      255,
      261
    ]
  ],
  "classification_report": "              precision    recall  f1-score   support\n\n           0       0.66      0.78      0.72       636\n           1       0.65      0.51      0.57       516\n\n    accuracy                           0.66      1152\n   macro avg       0.66      0.64      0.64      1152\nweighted avg       0.66      0.66      0.65      1152\n",
  "roc_auc": 0.6763672541563064,
  "y_prob_available": true,
  "y_test_unique_values": [
    0,
    1
  ],
  "n_total": 5756,
  "n_train": 5756,
  "n_used_for_training": 4604
}