{
  "accuracy": 0.6710069444444444,
  "precision": 0.67,
  "recall": 0.5203883495145631,
  "confusion_matrix": [
    [
      505,
      132
    ],
    [
      247,
      268
    ]
  ],
  "classification_report": "              precision    recall  f1-score   support\n\n           0       0.67      0.79      0.73       637\n           1       0.67      0.52      0.59       515\n\n    accuracy                           0.67      1152\n   macro avg       0.67      0.66      0.66      1152\nweighted avg       0.67      0.67      0.66      1152\n",
  "roc_auc": 0.6894072640258494,
  "y_prob_available": true,
  "y_test_unique_values": [
    0,
    1
  ],
  "n_total": 5758,
  "n_used_for_training": 4606
}