{
  "accuracy": 0.6611642050390965,
  "precision": 0.6477541371158393,
  "recall": 0.5320388349514563,
  "confusion_matrix": [
    [
      487,
      149
    ],
    [
      241,
      274
    ]
  ],
  "classification_report": "              precision    recall  f1-score   support\n\n           0       0.67      0.77      0.71       636\n           1       0.65      0.53      0.58       515\n\n    accuracy                           0.66      1151\n   macro avg       0.66      0.65      0.65      1151\nweighted avg       0.66      0.66      0.66      1151\n",
  "roc_auc": 0.6814144837271784,
  "y_prob_available": true,
  "y_test_unique_values": [
    0,
    1
  ],
  "n_total": 5754,
  "n_train": 5754,
  "n_used_for_training": 4603
}